<?xml version="1.0" encoding="UTF-8"?>
<project-private xmlns="http://www.netbeans.org/ns/project-private/1">
    <editor-bookmarks xmlns="http://www.netbeans.org/ns/editor-bookmarks/2" lastBookmarkId="0"/>
    <open-files xmlns="http://www.netbeans.org/ns/projectui-open-files/2">
        <group>
            <file>file:/C:/Users/ASUS/Downloads/Kuis_PrakPBO_123200034-main/Kuis_PrakPBO_123200034-main/Kuis1/src/kuis1/HitungMahasiswa.java</file>
            <file>file:/C:/Users/ASUS/Downloads/Kuis_PrakPBO_123200034-main/Kuis_PrakPBO_123200034-main/Kuis1/src/beasiswa/mahasiswa.java</file>
            <file>file:/C:/Users/ASUS/Downloads/Kuis_PrakPBO_123200034-main/Kuis_PrakPBO_123200034-main/Kuis1/src/kuis1/Main.java</file>
            <file>file:/C:/Users/ASUS/Downloads/Kuis_PrakPBO_123200034-main/Kuis_PrakPBO_123200034-main/Kuis1/src/beasiswa/pelajar.java</file>
            <file>file:/C:/Users/ASUS/Downloads/Kuis_PrakPBO_123200034-main/Kuis_PrakPBO_123200034-main/Kuis1/src/kuis1/HitungPelajar.java</file>
        </group>
    </open-files>
</project-private>
